City1,City2,Distance(km)
Amsterdam,Athens,2163.084974973078
Amsterdam,Barcelona,1238.4740021865948
Amsterdam,Belgrade,1414.0126825742925
Amsterdam,Berlin,576.0871999159891
Amsterdam,Bratislava,984.5004969951044
Amsterdam,Brussels,172.97318203703662
Amsterdam,Bucharest,1787.3359944068977
Amsterdam,Budapest,1144.8345582774677
Amsterdam,Copenhagen,620.7181169548194
Amsterdam,Dublin,756.6627727900968
Amsterdam,Edinburgh,660.0352198063023
Amsterdam,Florence,1065.2167466462881
Amsterdam,Geneva,691.1558115967308
Amsterdam,Glasgow,711.3640791608548
Amsterdam,Hamburg,365.3267728817774
Amsterdam,Helsinki,1501.1475141970377
Amsterdam,Istanbul,2211.9475619494947
Amsterdam,Krakow,1076.2856133059072
Amsterdam,Lisbon,1863.7777530287628
Amsterdam,Ljubljana,987.7898090792223
Amsterdam,London,357.8875011228779
Amsterdam,Luxembourg City,318.25125202809255
Amsterdam,Madrid,1481.3705824807012
Amsterdam,Milan,828.6839317073119
Amsterdam,Minsk,1514.3352510191057
Amsterdam,Monaco,977.4792518558025
Amsterdam,Moscow,2146.9794597951122
Amsterdam,Munich,668.0066667458503
Amsterdam,Naples,1463.9632438984568
Amsterdam,Oslo,913.1469754576294
Amsterdam,Paris,429.8613896967428
Amsterdam,Podgorica,1539.30306953711
Amsterdam,Prague,710.5207229090194
Amsterdam,Riga,1330.3042922175948
Amsterdam,Rome,1295.9496221016389
Amsterdam,Sarajevo,1374.862021109255
Amsterdam,Skopje,1692.190376361652
Amsterdam,Sofia,1743.070426792585
Amsterdam,Stockholm,1125.283970476805
Amsterdam,Tallinn,1457.3373533498293
Amsterdam,Tbilisi,3199.50766174393
Amsterdam,Tirana,1664.973480288226
Amsterdam,Valencia,1490.177808261603
Amsterdam,Vienna,935.4450575969297
Amsterdam,Vilnius,1366.1640280407098
Amsterdam,Yerevan,3280.213605266244
Amsterdam,Warsaw,1093.2057418626996
Amsterdam,Zagreb,1084.8315012932596
Amsterdam,Nicosia,2945.981756969786
Athens,Barcelona,1877.623928842871
Athens,Belgrade,807.1781311811251
Athens,Berlin,1802.8837434394725
Athens,Bratislava,1250.5215308870029
Athens,Brussels,2089.306635855987
Athens,Bucharest,743.3756210938295
Athens,Budapest,1124.491834885157
Athens,Copenhagen,2136.431045630063
Athens,Dublin,2854.8842995196183
Athens,Edinburgh,2823.1187997079146
Athens,Florence,1228.2182429549514
Athens,Geneva,1709.028004154723
Athens,Glasgow,2873.4507966882593
Athens,Hamburg,2024.6494280594331
Athens,Helsinki,2468.40681047791
Athens,Istanbul,562.0473385031695
Athens,Krakow,1376.4817945810798
Athens,Lisbon,2851.737830122532
Athens,Ljubljana,1175.7083191605152
Athens,London,2391.6292959565953
Athens,Luxembourg City,1905.982338105983
Athens,Madrid,2369.569175543091
Athens,Milan,1461.8477681831787
Athens,Minsk,1793.8228734954116
Athens,Monaco,1509.4893699332267
Athens,Moscow,2231.023057057463
Athens,Munich,1495.6154915446907
Athens,Naples,872.3355031080534
Athens,Oslo,2605.2159728453566
Athens,Paris,2095.8478471737626
Athens,Podgorica,623.7918860503921
Athens,Prague,1533.2848480144326
Athens,Riga,2109.083820546234
Athens,Rome,1050.8613275323944
Athens,Sarajevo,790.6662139053977
Athens,Skopje,487.50152240928816
Athens,Sofia,525.2857882500681
Athens,Stockholm,2407.574087662192
Athens,Tallinn,2386.606272823467
Athens,Tbilisi,1843.3300418564422
Athens,Tirana,500.084955492753
Athens,Valencia,2091.21166442103
Athens,Vienna,1282.7287871937922
Athens,Vilnius,1861.035485709744
Athens,Yerevan,1806.5297405535684
Athens,Warsaw,1598.043993341473
Athens,Zagreb,1080.1695560903092
Athens,Nicosia,915.0386411037123
Barcelona,Belgrade,1529.051714834496
Barcelona,Berlin,1499.4475528057965
Barcelona,Bratislava,1394.7616110903937
Barcelona,Brussels,1065.6615733247188
Barcelona,Bucharest,1970.753262843124
Barcelona,Budapest,1497.3554368759824
Barcelona,Copenhagen,1759.3811676334929
Barcelona,Dublin,1471.854751984701
Barcelona,Edinburgh,1665.8256339686302
Barcelona,Florence,789.0053605532535
Barcelona,Geneva,623.2566751680862
Barcelona,Glasgow,1676.0638078134166
Barcelona,Hamburg,1472.8801930617913
Barcelona,Helsinki,2603.3062773711813
Barcelona,Istanbul,2234.1544598289047
Barcelona,Krakow,1676.7828407885165
Barcelona,Lisbon,1006.6665593910293
Barcelona,Ljubljana,1117.2302636700092
Barcelona,London,1139.1193149200992
Barcelona,Luxembourg City,965.0257196856898
Barcelona,Madrid,505.4434712447793
Barcelona,Milan,725.3503885637436
Barcelona,Minsk,2335.5688047931894
Barcelona,Monaco,503.2772656535648
Barcelona,Moscow,3009.7886296633237
Barcelona,Munich,1054.5371313316894
Barcelona,Naples,1014.0674770367959
Barcelona,Oslo,2143.0732224070903
Barcelona,Paris,830.9106544989294
Barcelona,Podgorica,1416.5404390027359
Barcelona,Prague,1353.134825314378
Barcelona,Riga,2332.685869818322
Barcelona,Rome,859.1942100230517
Barcelona,Sarajevo,1354.5340870672653
Barcelona,Skopje,1596.6396833334595
Barcelona,Sofia,1747.94277589774
Barcelona,Stockholm,2278.564810323929
Barcelona,Tallinn,2540.700578801958
Barcelona,Tbilisi,3512.5441321225676
Barcelona,Tirana,1470.235136606745
Barcelona,Valencia,303.17111076032415
Barcelona,Vienna,1349.8273627812766
Barcelona,Vilnius,2248.2435280501304
Barcelona,Yerevan,3531.623157375989
Barcelona,Warsaw,1863.571348607075
Barcelona,Zagreb,1214.0244649281226
Barcelona,Nicosia,2792.4906819994903
Belgrade,Berlin,999.7719913984793
Belgrade,Bratislava,450.39608447069816
Belgrade,Brussels,1372.4691701784202
Belgrade,Bucharest,448.8280889453605
Belgrade,Budapest,317.36775138711744
Belgrade,Copenhagen,1329.3447513926035
Belgrade,Dublin,2147.518190655711
Belgrade,Edinburgh,2066.9782008618586
Belgrade,Florence,741.1117658538953
Belgrade,Geneva,1124.3892996850307
Belgrade,Glasgow,2122.296306521772
Belgrade,Hamburg,1230.7858554485836
Belgrade,Helsinki,1732.7907410797463
Belgrade,Istanbul,812.3887761969637
Belgrade,Krakow,584.7155970880576
Belgrade,Lisbon,2530.928276248619
Belgrade,Ljubljana,484.2108817107078
Belgrade,London,1690.5051466072061
Belgrade,Luxembourg City,1203.5154348596182
Belgrade,Madrid,2028.4245594902513
Belgrade,Milan,885.8847672868837
Belgrade,Minsk,1132.086135411093
Belgrade,Monaco,1043.2898548786982
Belgrade,Moscow,1713.1927001496044
Belgrade,Munich,772.5821021517606
Belgrade,Naples,669.8106198985748
Belgrade,Oslo,1798.912643133534
Belgrade,Paris,1444.422206151182
Belgrade,Podgorica,281.1929640164555
Belgrade,Prague,738.8720586384055
Belgrade,Riga,1372.5807689623896
Belgrade,Rome,720.1235055731171
Belgrade,Sarajevo,194.53353062463623
Belgrade,Skopje,323.12133046568346
Belgrade,Sofia,329.3651793764354
Belgrade,Stockholm,1621.5996057089387
Belgrade,Tallinn,1650.9983209718712
Belgrade,Tbilisi,1995.3575901872618
Belgrade,Tirana,391.5223487989821
Belgrade,Valencia,1811.5588599602247
Belgrade,Vienna,489.5136056841321
Belgrade,Vilnius,1150.1564845875168
Belgrade,Yerevan,2030.2566848558577
Belgrade,Warsaw,825.1950360109382
Belgrade,Zagreb,367.00236121870313
Belgrade,Nicosia,1532.4221389826102
Berlin,Bratislava,552.3981184028162
Berlin,Brussels,650.6479664363682
Berlin,Bucharest,1294.9865713838296
Berlin,Budapest,688.0332039591278
Berlin,Copenhagen,355.1504582653338
Berlin,Dublin,1316.992511289121
Berlin,Edinburgh,1140.5507389880995
Berlin,Florence,985.8601938337147
Berlin,Geneva,876.4114427750304
Berlin,Glasgow,1203.4839373424234
Berlin,Hamburg,255.25016602610077
Berlin,Helsinki,1105.153459030438
Berlin,Istanbul,1737.8688729773523
Berlin,Krakow,530.1226473749732
Berlin,Lisbon,2312.5581501918205
Berlin,Ljubljana,723.0612871827476
Berlin,London,931.5694204688525
Berlin,Luxembourg City,601.9602516830976
Berlin,Madrid,1869.1458143733703
Berlin,Milan,842.3228704184673
Berlin,Minsk,953.3055935539104
Berlin,Monaco,1071.7123951936662
Berlin,Moscow,1608.8313354358454
Berlin,Munich,504.4153314003779
Berlin,Naples,1299.0886485203876
Berlin,Oslo,838.1921131374871
Berlin,Paris,877.4633259175432
Berlin,Podgorica,1203.098911993486
Berlin,Prague,281.13299584651537
Berlin,Riga,843.7686657772265
Berlin,Rome,1182.5461961338706
Berlin,Sarajevo,1031.793830665664
Berlin,Skopje,1315.3822211020754
Berlin,Sofia,1318.5530989513736
Berlin,Stockholm,810.508287374598
Berlin,Tallinn,1041.3232899723284
Berlin,Tbilisi,2635.343913375869
Berlin,Tirana,1335.1687993420553
Berlin,Valencia,1793.1895278998988
Berlin,Vienna,523.5449953624505
Berlin,Vilnius,818.5495461594388
Berlin,Yerevan,2723.0184747968638
Berlin,Warsaw,517.1719438697147
Berlin,Zagreb,768.608647847509
Berlin,Nicosia,2489.255016843865
Bratislava,Brussels,967.4742789123071
Bratislava,Bucharest,804.8209862214667
Bratislava,Budapest,161.39721126301126
Bratislava,Copenhagen,892.5802853541071
Bratislava,Dublin,1733.4020457223028
Bratislava,Edinburgh,1627.6030467048236
Bratislava,Florence,664.2306385687244
Bratislava,Geneva,855.6404033232756
Bratislava,Glasgow,1684.962653170495
Bratislava,Hamburg,780.4425778747438
Bratislava,Helsinki,1428.1803435713887
Bratislava,Istanbul,1228.139892985276
Bratislava,Krakow,296.6954569002628
Bratislava,Lisbon,2348.772488018719
Bratislava,Ljubljana,304.72423970800384
Bratislava,London,1287.9895195270965
Bratislava,Luxembourg City,818.1478515569854
Bratislava,Madrid,1858.2136470234555
Bratislava,Milan,672.0380942900347
Bratislava,Minsk,969.5299887889528
Bratislava,Monaco,893.9785236616575
Bratislava,Moscow,1631.227574654461
Bratislava,Munich,409.91664848679534
Bratislava,Naples,841.8803315441032
Bratislava,Oslo,1370.986242795401
Bratislava,Paris,1088.2577183655526
Bratislava,Podgorica,656.5865416154685
Bratislava,Prague,289.225066497147
Bratislava,Riga,1085.6801686320352
Bratislava,Rome,783.0167148457093
Bratislava,Sarajevo,487.79510550246016
Bratislava,Skopje,763.0270835409501
Bratislava,Sofia,775.715847676532
Bratislava,Stockholm,1244.808693615781
Bratislava,Tallinn,1349.8650356920589
Bratislava,Tbilisi,2281.79926458015
Bratislava,Tirana,787.9843261168035
Bratislava,Valencia,1696.5023476821816
Bratislava,Vienna,54.81780657248872
Bratislava,Vilnius,920.5570921644679
Bratislava,Yerevan,2343.0069759338808
Bratislava,Warsaw,531.9869737782213
Bratislava,Zagreb,273.169186976603
Bratislava,Nicosia,1968.261288396626
Brussels,Bucharest,1770.7762485275496
Brussels,Budapest,1128.673363863914
Brussels,Copenhagen,764.9421549309087
Brussels,Dublin,775.3909491253227
Brussels,Edinburgh,755.3393928360337
Brussels,Florence,942.92576164564
Brussels,Geneva,533.1357294635184
Brussels,Glasgow,796.9281511173305
Brussels,Hamburg,487.64484472498896
Brussels,Helsinki,1647.4625276040013
Brussels,Istanbul,2181.5011943301865
Brussels,Krakow,1105.2653353640205
Brussels,Lisbon,1713.0410684264434
Brussels,Ljubljana,917.8511820557661
Brussels,London,320.63147364989
Brussels,Luxembourg City,187.0795103732632
Brussels,Madrid,1316.5964079370945
Brussels,Milan,697.8532028709764
Brussels,Minsk,1603.7389359387503
Brussels,Monaco,823.870769869724
Brussels,Moscow,2252.9938195818786
Brussels,Munich,602.8212163760951
Brussels,Naples,1348.6634756180533
Brussels,Oslo,1084.7037211560046
Brussels,Paris,263.97541640803456
Brussels,Podgorica,1468.3112964746076
Brussels,Prague,718.5420819657243
Brussels,Riga,1453.7912841589593
Brussels,Rome,1173.2425421507194
Brussels,Sarajevo,1310.5325271007662
Brussels,Skopje,1630.9886635333914
Brussels,Sofia,1698.011424131807
Brussels,Stockholm,1280.0171823173457
Brussels,Tallinn,1599.4196846149957
Brussels,Tbilisi,3225.800691528499
Brussels,Tirana,1589.2252192746676
Brussels,Valencia,1317.9159553358802
Brussels,Vienna,914.8027110685058
Brussels,Vilnius,1464.860801255109
Brussels,Yerevan,3297.9780869858073
Brussels,Warsaw,1159.7667721437763
Brussels,Zagreb,1024.1789933382859
Brussels,Nicosia,2902.1174491590277
Bucharest,Budapest,643.5109389843375
Bucharest,Copenhagen,1574.8097951910424
Bucharest,Dublin,2538.1891290274225
Bucharest,Edinburgh,2420.139026000251
Bucharest,Florence,1186.1919587774973
Bucharest,Geneva,1568.9016440955695
Bucharest,Glasgow,2479.703749864863
Bucharest,Hamburg,1546.36379049777
Bucharest,Helsinki,1752.2380674572642
Bucharest,Istanbul,446.80742763787055
Bucharest,Krakow,779.8408614486776
Bucharest,Lisbon,2975.339246387052
Bucharest,Ljubljana,924.9797778633089
Bucharest,London,2091.4010401924857
Bucharest,Luxembourg City,1613.9774734173566
Bucharest,Madrid,2472.6740293842363
Bucharest,Milan,1333.5432647143464
Bucharest,Minsk,1058.6875229127145
Bucharest,Monaco,1490.6262015365394
Bucharest,Moscow,1499.570392696354
Bucharest,Munich,1187.3888090991795
Bucharest,Naples,1045.2328144730282
Bucharest,Oslo,2004.341329149652
Bucharest,Paris,1870.283950171658
Bucharest,Podgorica,594.5547633204127
Bucharest,Prague,1079.5299620556714
Bucharest,Riga,1399.4073563361353
Bucharest,Rome,1137.1502496199682
Bucharest,Sarajevo,616.6208964195837
Bucharest,Skopje,465.2797338095507
Bucharest,Sofia,295.202468171307
Bucharest,Stockholm,1743.455591064623
Bucharest,Tallinn,1671.5317363099648
Bucharest,Tbilisi,1546.9608214971265
Bucharest,Tirana,616.9128669618593
Bucharest,Valencia,2247.3137676932315
Bucharest,Vienna,856.4181992222979
Bucharest,Vilnius,1142.425860930035
Bucharest,Yerevan,1582.0506386829497
Bucharest,Warsaw,945.1569983386464
Bucharest,Zagreb,808.3462381779676
Bucharest,Nicosia,1200.4362198690262
Budapest,Copenhagen,1012.3226816258924
Budapest,Dublin,1894.6782197360023
Budapest,Edinburgh,1784.707550286391
Budapest,Florence,733.0597291683578
Budapest,Geneva,990.069055083355
Budapest,Glasgow,1842.7719293847297
Budapest,Hamburg,927.0669783524802
Budapest,Helsinki,1459.7405291782165
Budapest,Istanbul,1069.5372962171973
Budapest,Krakow,293.00708896542824
Budapest,Lisbon,2469.7365019495587
Budapest,Ljubljana,380.5815613056043
Budapest,London,1449.2365931790644
Budapest,Luxembourg City,977.3463605162996
Budapest,Madrid,1974.1399571276042
Budapest,Milan,786.751729702474
Budapest,Minsk,929.7273802550649
Budapest,Monaco,994.0970733232382
Budapest,Moscow,1569.1453054570422
Budapest,Munich,561.1520627217717
Budapest,Naples,830.8528545786183
Budapest,Oslo,1481.7657949448073
Budapest,Paris,1244.0145261346383
Budapest,Podgorica,562.5732875106979
Budapest,Prague,442.39360927398604
Budapest,Riga,1105.4053994964795
Budapest,Rome,808.4442468064364
Budapest,Sarajevo,407.84386054818833
Budapest,Skopje,639.8154791775511
Budapest,Sofia,630.5201328132058
Budapest,Stockholm,1317.1304570203795
Budapest,Tallinn,1379.1388461525187
Budapest,Tbilisi,2128.86575756081
Budapest,Tirana,688.8889145440393
Budapest,Valencia,1795.7728270773441
Budapest,Vienna,214.04428171108432
Budapest,Vilnius,909.6319450637037
Budapest,Yerevan,2186.6772390347774
Budapest,Warsaw,544.7518926620764
Budapest,Zagreb,299.123852687915
Budapest,Nicosia,1813.041151227834
Copenhagen,Dublin,1238.5027311231165
Copenhagen,Edinburgh,982.7784375483826
Copenhagen,Florence,1327.237290382304
Copenhagen,Geneva,1144.2092547074403
Copenhagen,Glasgow,1049.6930647599847
Copenhagen,Hamburg,288.6027059258386
Copenhagen,Helsinki,882.682070246541
Copenhagen,Istanbul,2021.616988411849
Copenhagen,Krakow,795.6331270451465
Copenhagen,Lisbon,2477.9070644529174
Copenhagen,Ljubljana,1078.101930337016
Copenhagen,London,955.5605866238965
Copenhagen,Luxembourg City,801.3084041904252
Copenhagen,Madrid,2072.6321004521
Copenhagen,Milan,1159.9480282079128
Copenhagen,Minsk,979.1333935580161
Copenhagen,Monaco,1377.0295724848716
Copenhagen,Moscow,1560.4169561673418
Copenhagen,Munich,841.2233010624655
Copenhagen,Naples,1653.0539060772733
Copenhagen,Oslo,483.3085545859356
Copenhagen,Paris,1026.6909494259057
Copenhagen,Podgorica,1548.6496591465836
Copenhagen,Prague,635.2086949747915
Copenhagen,Riga,724.5656708582858
Copenhagen,Rome,1531.5299257432737
Copenhagen,Sarajevo,1378.501076817202
Copenhagen,Skopje,1650.1780549383845
Copenhagen,Sofia,1636.837967896391
Copenhagen,Stockholm,522.1289049932943
Copenhagen,Tallinn,836.7967934622812
Copenhagen,Tbilisi,2792.1577416364803
Copenhagen,Tirana,1680.332260361662
Copenhagen,Valencia,2039.403816012002
Copenhagen,Vienna,870.0651057616315
Copenhagen,Vilnius,813.3214967736191
Copenhagen,Yerevan,2896.6612669140222
Copenhagen,Warsaw,671.6760574636288
Copenhagen,Zagreb,1122.14752192912
Copenhagen,Nicosia,2775.1708791093097
Dublin,Edinburgh,350.44422623322447
Dublin,Florence,1664.457907297445
Dublin,Geneva,1190.5346033160472
Dublin,Glasgow,308.02885346578375
Dublin,Hamburg,1074.2116811529877
Dublin,Helsinki,2023.3998568473917
Dublin,Istanbul,2955.0287438331015
Dublin,Krakow,1831.288011304022
Dublin,Lisbon,1641.8609429785586
Dublin,Ljubljana,1690.5710033819787
Dublin,London,463.3110580190379
Dublin,Luxembourg City,951.8128045776392
Dublin,Madrid,1450.9036463365317
Dublin,Milan,1415.6513435590803
Dublin,Minsk,2209.8476630771397
Dublin,Monaco,1463.8490086413115
Dublin,Moscow,2794.4051544912963
Dublin,Munich,1377.9761553101353
Dublin,Naples,2070.9598397523123
Dublin,Oslo,1265.075501519531
Dublin,Paris,780.8815278374959
Dublin,Podgorica,2237.862910223359
Dublin,Prague,1466.040789788906
Dublin,Riga,1953.3047322386012
Dublin,Rome,1885.7472774218954
Dublin,Sarajevo,2083.386594233525
Dublin,Skopje,2404.0410024679304
Dublin,Sofia,2473.39829131837
Dublin,Stockholm,1628.251931132455
Dublin,Tallinn,2003.295198616892
Dublin,Tbilisi,3951.366776614235
Dublin,Tirana,2355.4984625317056
Dublin,Valencia,1606.5834958564385
Dublin,Vienna,1682.3425272123313
Dublin,Vilnius,2048.4196883926024
Dublin,Yerevan,4035.1156797873055
Dublin,Warsaw,1826.9340729897983
Dublin,Zagreb,1798.7382795409135
Dublin,Nicosia,3677.4774657234007
Edinburgh,Florence,1697.9148883444404
Edinburgh,Geneva,1262.4374128615807
Edinburgh,Glasgow,67.01951087767935
Edinburgh,Hamburg,885.4856932514332
Edinburgh,Helsinki,1704.7912180227854
Edinburgh,Istanbul,2854.093636879566
Edinburgh,Krakow,1670.3859431533967
Edinburgh,Lisbon,1966.5795407945038
Edinburgh,Ljubljana,1647.7518968311701
Edinburgh,London,533.6522003390054
Edinburgh,Luxembourg City,941.8732173274132
Edinburgh,Madrid,1727.990286368673
Edinburgh,Milan,1451.4304722378151
Edinburgh,Minsk,1961.2761339128533
Edinburgh,Monaco,1552.8888456000234
Edinburgh,Moscow,2509.6038506544996
Edinburgh,Munich,1327.8796066564396
Edinburgh,Naples,2104.0023542453628
Edinburgh,Oslo,930.851020408807
Edinburgh,Paris,873.3881303029856
Edinburgh,Podgorica,2199.33399157535
Edinburgh,Prague,1342.699217684844
Edinburgh,Riga,1669.6617894029228
Edinburgh,Rome,1927.8426943495092
Edinburgh,Sarajevo,2034.5591121029256
Edinburgh,Skopje,2351.0753657858304
Edinburgh,Sofia,2396.3313961052604
Edinburgh,Stockholm,1313.133761750321
Edinburgh,Tallinn,1691.426739292191
Edinburgh,Tbilisi,3759.1172402926136
Edinburgh,Tirana,2324.899456723796
Edinburgh,Valencia,1844.5197445453116
Edinburgh,Vienna,1581.6718417402656
Edinburgh,Vilnius,1793.7973792637586
Edinburgh,Yerevan,3854.8141491196734
Edinburgh,Warsaw,1622.3596259225005
Edinburgh,Zagreb,1744.4538369143283
Edinburgh,Nicosia,3595.590886776574
Florence,Geneva,484.5767012523295
Florence,Glasgow,1737.2885711237684
Florence,Hamburg,1091.549355021225
Florence,Helsinki,2040.958424037062
Florence,Istanbul,1484.4641368995137
Florence,Krakow,960.8027656727265
Florence,Lisbon,1789.890567027804
Florence,Ljubljana,360.74955595913065
Florence,London,1208.855841172163
Florence,Luxembourg City,757.6923519508821
Florence,Madrid,1287.335206224656
Florence,Milan,249.4643680963005
Florence,Minsk,1633.7582932724056
Florence,Monaco,307.70582744167484
Florence,Moscow,2292.7648972371535
Florence,Munich,486.07473490538257
Florence,Naples,408.12561110051274
Florence,Oslo,1795.484616234169
Florence,Paris,886.4409309374719
Florence,Podgorica,666.3106265832633
Florence,Prague,741.476372887208
Florence,Riga,1719.5650620042718
Florence,Rome,230.90767784182412
Florence,Sarajevo,574.1939293889161
Florence,Skopje,851.0690262980283
Florence,Sofia,983.8546604568337
Florence,Stockholm,1790.8964134874275
Florence,Tallinn,1967.273215932096
Florence,Tbilisi,2732.2086827562794
Florence,Tirana,751.7431282284776
Florence,Valencia,1077.3292092214683
Florence,Vienna,632.1029682340244
Florence,Vilnius,1578.605356825097
Florence,Yerevan,2759.2391893415906
Florence,Warsaw,1186.045881247792
Florence,Zagreb,436.7108566351962
Florence,Nicosia,2115.815792885099
Geneva,Glasgow,1293.9113580443554
Geneva,Hamburg,861.9262740491428
Geneva,Helsinki,1980.0699342066764
Geneva,Istanbul,1919.4383705294626
Geneva,Krakow,1108.4210893862032
Geneva,Lisbon,1500.8943422514433
Geneva,Ljubljana,644.3315430256424
Geneva,London,746.55122995284
Geneva,Luxembourg City,378.87540846482295
Geneva,Madrid,1022.8467120882842
Geneva,Milan,249.96435483566665
Geneva,Minsk,1742.3209791463298
Geneva,Monaco,292.13691710077774
Geneva,Moscow,2417.975786024269
Geneva,Munich,463.66310649220856
Geneva,Naples,884.200667984503
Geneva,Oslo,1554.2993790898818
Geneva,Paris,409.75650502408394
Geneva,Podgorica,1122.726060369005
Geneva,Prague,750.3624557314143
Geneva,Riga,1713.019453319892
Geneva,Rome,697.1158511786749
Geneva,Sarajevo,997.8023163763362
Geneva,Skopje,1304.2338320505685
Geneva,Sofia,1415.024652793863
Geneva,Stockholm,1659.7284190315277
Geneva,Tallinn,1917.5251667475804
Geneva,Tbilisi,3104.740259161843
Geneva,Tirana,1222.5397973083998
Geneva,Valencia,917.62912971601
Geneva,Vienna,803.6101400236041
Geneva,Vilnius,1642.4418537728727
Geneva,Yerevan,3149.589818627319
Geneva,Warsaw,1267.2953946194443
Geneva,Zagreb,760.5759275871104
Geneva,Nicosia,2584.1363086322654
Glasgow,Hamburg,948.6939060002784
Glasgow,Helsinki,1768.118707782581
Glasgow,Istanbul,2912.3072603287283
Glasgow,Krakow,1732.9509489759369
Glasgow,Lisbon,1940.7951805755556
Glasgow,Ljubljana,1697.7490080023474
Glasgow,London,555.1506595745092
Glasgow,Luxembourg City,983.9848018742026
Glasgow,Madrid,1718.139858613996
Glasgow,Milan,1489.6171507347447
Glasgow,Minsk,2028.2620137635886
Glasgow,Monaco,1582.771549488187
Glasgow,Moscow,2575.8922685980424
Glasgow,Munich,1377.8355616293024
Glasgow,Naples,2144.3757570966113
Glasgow,Oslo,991.573565229413
Glasgow,Paris,898.1200382783651
Glasgow,Podgorica,2249.8206879263685
Glasgow,Prague,1401.2531927580594
Glasgow,Riga,1736.1885816162612
Glasgow,Rome,1966.469356186053
Glasgow,Sarajevo,2086.0874444227984
Glasgow,Skopje,2403.5445154343474
Glasgow,Sofia,2451.6492569924144
Glasgow,Stockholm,1377.2647262296764
Glasgow,Tallinn,1755.723511779817
Glasgow,Tbilisi,3824.6204704530464
Glasgow,Tirana,2374.5443148321056
Glasgow,Valencia,1845.1912542496482
Glasgow,Vienna,1638.3904989441235
Glasgow,Vilnius,1860.8126783572163
Glasgow,Yerevan,3919.7011230509634
Glasgow,Warsaw,1687.8042836218533
Glasgow,Zagreb,1796.123237383647
Glasgow,Nicosia,3652.252912817286
Hamburg,Helsinki,1164.443195860799
Hamburg,Istanbul,1987.2144053973002
Hamburg,Krakow,785.3695411485654
Hamburg,Lisbon,2198.187164492846
Hamburg,Ljubljana,893.5673522580497
Hamburg,London,720.6648366395316
Hamburg,Luxembourg City,512.741872893505
Hamburg,Madrid,1785.7140139135522
Hamburg,Milan,901.0768657673161
Hamburg,Minsk,1153.2878684145344
Hamburg,Monaco,1107.134297569411
Hamburg,Moscow,1781.6527026320807
Hamburg,Munich,612.428081135237
Hamburg,Naples,1447.8766688200812
Hamburg,Oslo,709.009758912789
Hamburg,Paris,744.8257963533663
Hamburg,Podgorica,1412.1888341174997
Hamburg,Prague,492.437144777756
Hamburg,Riga,968.6654716972834
Hamburg,Rome,1308.4738335363759
Hamburg,Sarajevo,1240.5627434781973
Hamburg,Skopje,1538.582594674677
Hamburg,Sofia,1555.2541502621225
Hamburg,Stockholm,810.7225639604453
Hamburg,Tallinn,1113.7159374404891
Hamburg,Tbilisi,2884.073925061874
Hamburg,Tirana,1543.7865988861972
Hamburg,Valencia,1751.1929792754788
Hamburg,Vienna,743.2313032516664
Hamburg,Vilnius,1002.1530208584346
Hamburg,Yerevan,2974.5020932762686
Hamburg,Warsaw,752.864766907153
Hamburg,Zagreb,961.2592207985198
Hamburg,Nicosia,2736.725189032995
Helsinki,Istanbul,2148.6977289719166
Helsinki,Krakow,1166.7372725681375
Helsinki,Lisbon,3360.502276639729
Helsinki,Ljubljana,1711.9274495831094
Helsinki,London,1820.7259349443343
Helsinki,Luxembourg City,1669.3424425622911
Helsinki,Madrid,2948.220106239509
Helsinki,Milan,1936.6450320904332
Helsinki,Minsk,714.7703046157784
Helsinki,Monaco,2170.8835771933
Helsinki,Moscow,892.4194626377707
Helsinki,Munich,1589.2734758399324
Helsinki,Naples,2269.9392227590806
Helsinki,Oslo,786.5519919158309
Helsinki,Paris,1908.3078736291652
Helsinki,Podgorica,2008.5913800077233
Helsinki,Prague,1302.3808385114621
Helsinki,Riga,361.2523415958017
Helsinki,Rome,2200.978695172126
Helsinki,Sarajevo,1865.8789507042452
Helsinki,Skopje,2034.6866960992386
Helsinki,Sofia,1945.8490365064415
Helsinki,Stockholm,395.64825735091046
Helsinki,Tallinn,82.0823758708971
Helsinki,Tbilisi,2459.210596362331
Helsinki,Tirana,2124.3014299433335
Helsinki,Valencia,2894.1673153592133
Helsinki,Vienna,1439.187916623928
Helsinki,Vilnius,609.9500449329744
Helsinki,Yerevan,2601.399576116656
Helsinki,Warsaw,915.20682392721
Helsinki,Zagreb,1701.3219494842626
Helsinki,Nicosia,2845.0471390043394
Istanbul,Krakow,1226.5340354680054
Istanbul,Lisbon,3237.497700662788
Istanbul,Ljubljana,1292.1460922018941
Istanbul,London,2500.7842584294362
Istanbul,Luxembourg City,2015.2621807479934
Istanbul,Madrid,2739.204232546146
Istanbul,Milan,1672.8717954547756
Istanbul,Minsk,1437.4597481917015
Istanbul,Monaco,1791.14174282531
Istanbul,Moscow,1756.3900321201495
Istanbul,Munich,1584.3414240284137
Istanbul,Naples,1234.4561915305867
Istanbul,Oslo,2448.155730104371
Istanbul,Paris,2255.6004248417225
Istanbul,Podgorica,821.4110759097088
Istanbul,Prague,1511.4131467232833
Istanbul,Riga,1806.7910531268974
Istanbul,Rome,1375.0367169708338
Istanbul,Sarajevo,922.3005861194366
Istanbul,Skopje,638.3194700738084
Istanbul,Sofia,504.62769105522284
Istanbul,Stockholm,2173.806952759234
Istanbul,Tallinn,2070.0993154336466
Istanbul,Tbilisi,1323.15710922207
Istanbul,Tirana,767.1678420071308
Istanbul,Valencia,2485.789187942083
Istanbul,Vienna,1276.5079431511842
Istanbul,Vilnius,1545.3226521766467
Istanbul,Yerevan,1313.2391285979752
Istanbul,Warsaw,1386.2239778454618
Istanbul,Zagreb,1176.0751202963543
Istanbul,Nicosia,753.6941190492514
Krakow,Lisbon,2609.296497153514
Krakow,Ljubljana,601.3430287971544
Krakow,London,1415.6704467494776
Krakow,Luxembourg City,990.4705077235129
Krakow,Madrid,2126.4536224455615
Krakow,Milan,951.4340285217826
Krakow,Minsk,673.042348212823
Krakow,Monaco,1180.546902660682
Krakow,Moscow,1338.1131435836119
Krakow,Munich,645.1323978607467
Krakow,Naples,1115.2057144270957
Krakow,Oslo,1239.68981163887
Krakow,Paris,1275.5699719152508
Krakow,Podgorica,849.3282593183085
Krakow,Prague,392.96418353021727
Krakow,Riga,813.1216803709489
Krakow,Rome,1073.445223949827
Krakow,Sarajevo,700.0210011472574
Krakow,Skopje,904.1656959542984
Krakow,Sofia,858.9157698215307
Krakow,Stockholm,1037.101686438218
Krakow,Tallinn,1086.1769355385586
Krakow,Tbilisi,2124.353969710581
Krakow,Tirana,971.5812772202771
Krakow,Valencia,1979.6791791220053
Krakow,Vienna,331.77084097325564
Krakow,Vilnius,628.365284562796
Krakow,Yerevan,2204.026732213494
Krakow,Warsaw,251.97657791521934
Krakow,Zagreb,556.9952220120915
Krakow,Nicosia,1980.2253073450609
Lisbon,Ljubljana,2096.358521126375
Lisbon,London,1585.5283919933163
Lisbon,Luxembourg City,1711.6964540872743
Lisbon,Madrid,502.66540230937386
Lisbon,Milan,1682.9892724463919
Lisbon,Minsk,3233.119904399693
Lisbon,Monaco,1490.1933345745917
Lisbon,Moscow,3906.294689550777
Lisbon,Munich,1964.4626663766633
Lisbon,Naples,2008.0822378675418
Lisbon,Oslo,2738.8903521774387
Lisbon,Paris,1453.408046540396
Lisbon,Podgorica,2422.400865808477
Lisbon,Prague,2243.9046608240433
Lisbon,Riga,3151.179757162917
Lisbon,Rome,1863.1629857136606
Lisbon,Sarajevo,2359.981665122918
Lisbon,Skopje,2601.316845513847
Lisbon,Sofia,2754.3644424499234
Lisbon,Stockholm,2989.0479771863957
Lisbon,Tallinn,3311.7939524482126
Lisbon,Tbilisi,4518.872823845797
Lisbon,Tirana,2471.2761724739
Lisbon,Valencia,760.5387998424409
Lisbon,Vienna,2298.790164119092
Lisbon,Vilnius,3120.269917440306
Lisbon,Yerevan,4538.088713563244
Lisbon,Warsaw,2759.426222996582
Lisbon,Zagreb,2201.319148977441
Lisbon,Nicosia,3763.987367405013
Ljubljana,London,1228.4591890401632
Ljubljana,Luxembourg City,738.8937528257528
Ljubljana,Madrid,1598.2161440673708
Ljubljana,Milan,417.529625300937
Ljubljana,Minsk,1273.7909219890953
Ljubljana,Monaco,614.1654019353407
Ljubljana,Moscow,1932.1019865813107
Ljubljana,Munich,319.9317273366699
Ljubljana,Naples,579.0978450439577
Ljubljana,Oslo,1560.5557109905287
Ljubljana,Paris,964.0582475149288
Ljubljana,Podgorica,552.26265960382
Ljubljana,Prague,446.87644561636114
Ljubljana,Riga,1378.4838215268808
Ljubljana,Rome,489.0515157421875
Ljubljana,Sarajevo,392.85768755032507
Ljubljana,Skopje,713.494748909494
Ljubljana,Sofia,793.3762618363189
Ljubljana,Stockholm,1494.6906229204658
Ljubljana,Tallinn,1635.5803093622155
Ljubljana,Tbilisi,2461.759429519911
Ljubljana,Tirana,677.1896137706657
Ljubljana,Valencia,1415.2125915451957
Ljubljana,Vienna,277.81201535323305
Ljubljana,Vilnius,1223.841375353516
Ljubljana,Yerevan,2505.2610698302824
Ljubljana,Warsaw,833.0011140509034
Ljubljana,Zagreb,117.2739168751101
Ljubljana,Nicosia,1991.1418756867447
London,Luxembourg City,489.637812281726
London,Madrid,1263.4120554660692
London,Milan,959.3997262945176
London,Minsk,1872.054225830853
London,Monaco,1031.5737514125321
London,Moscow,2500.5360210210197
London,Munich,918.597496013995
London,Naples,1616.7431483578116
London,Oslo,1153.7531758229954
London,Paris,343.55606034104153
London,Podgorica,1774.7039654722091
London,Prague,1034.3575247653937
London,Riga,1676.381709059016
London,Rome,1433.7813071157889
London,Sarajevo,1621.0834805912202
London,Skopje,1941.703409931576
London,Sofia,2014.537456578021
London,Stockholm,1432.7784099956905
London,Tallinn,1783.726629446638
London,Tbilisi,3539.4324480061305
London,Tirana,1892.1916082636935
London,Valencia,1338.6469747210601
London,Vienna,1235.4080273418288
London,Vilnius,1722.7652831454914
London,Yerevan,3614.4436328769484
London,Warsaw,1448.5140201507209
London,Zagreb,1337.8145038047223
London,Nicosia,3217.613675950556
Luxembourg City,Madrid,1279.5497935418334
Luxembourg City,Milan,515.0492396162253
Luxembourg City,Minsk,1543.0555853029218
Luxembourg City,Monaco,660.457909625984
Luxembourg City,Moscow,2207.430242822844
Luxembourg City,Munich,430.9600075229446
Luxembourg City,Naples,1162.3984143568243
Luxembourg City,Oslo,1182.5641124919475
Luxembourg City,Paris,286.9524472300338
Luxembourg City,Podgorica,1286.6598019390788
Luxembourg City,Prague,597.5074121433812
Luxembourg City,Riga,1439.9983597963542
Luxembourg City,Rome,988.3903018696708
Luxembourg City,Sarajevo,1131.6306527310915
Luxembourg City,Skopje,1452.2806050472768
Luxembourg City,Sofia,1525.89052186209
Luxembourg City,Stockholm,1323.3567428584581
Luxembourg City,Tallinn,1613.9569295025415
Luxembourg City,Tbilisi,3094.492242023473
Luxembourg City,Tirana,1405.9803173794924
Luxembourg City,Valencia,1238.926371963003
Luxembourg City,Vienna,763.9519531278922
Luxembourg City,Vilnius,1417.3036962051433
Luxembourg City,Yerevan,3159.960918099429
Luxembourg City,Warsaw,1080.731825505219
Luxembourg City,Zagreb,848.3288130153155
Luxembourg City,Nicosia,2728.26968503151
Madrid,Milan,1188.2248649421485
Madrid,Minsk,2764.867514218216
Madrid,Monaco,988.9286701563374
Madrid,Moscow,3440.344600438057
Madrid,Munich,1484.8043600002516
Madrid,Naples,1514.6474689644672
Madrid,Oslo,2387.9571446585833
Madrid,Paris,1052.8922471483017
Madrid,Podgorica,1921.9835288908953
Madrid,Prague,1772.779043641929
Madrid,Riga,2712.871726787326
Madrid,Rome,1364.1711399826677
Madrid,Sarajevo,1857.3983745008825
Madrid,Skopje,2101.949620857893
Madrid,Sofia,2253.253025816224
Madrid,Stockholm,2593.030830409063
Madrid,Tallinn,2893.4962204611015
Madrid,Tbilisi,4016.465019061687
Madrid,Tirana,1974.3769494104122
Madrid,Valencia,302.557526179174
Madrid,Vienna,1809.556867571247
Madrid,Vilnius,2661.1402183656146
Madrid,Yerevan,4036.8488967222925
Madrid,Warsaw,2289.845073152465
Madrid,Zagreb,1701.4293080801574
Madrid,Nicosia,3284.251461882404
Milan,Minsk,1612.9306902270953
Milan,Monaco,237.39169938402344
Milan,Moscow,2285.8401134331207
Milan,Munich,348.31881416905367
Milan,Naples,657.5097077152004
Milan,Oslo,1610.0664561742637
Milan,Paris,639.5659831762813
Milan,Podgorica,872.807017857284
Milan,Prague,645.2044851526996
Milan,Riga,1639.0688793723814
Milan,Rome,476.88468435616534
Milan,Sarajevo,750.5903138541001
Milan,Skopje,1054.5894092911337
Milan,Sofia,1168.245367018035
Milan,Stockholm,1651.8496670695936
Milan,Tallinn,1867.7542599317328
Milan,Tbilisi,2876.206635057607
Milan,Tirana,973.093006485312
Milan,Valencia,1028.277347600606
Milan,Vienna,625.4956635086724
Milan,Vilnius,1532.957089714873
Milan,Yerevan,2915.5938091592934
Milan,Warsaw,1143.9025652950143
Milan,Zagreb,529.307789413704
Milan,Nicosia,2334.182323930016
Minsk,Monaco,1846.3990157019448
Minsk,Moscow,675.7559294668727
Minsk,Munich,1284.2310153380374
Minsk,Naples,1756.3372047822263
Minsk,Oslo,1214.6287379399907
Minsk,Paris,1825.8573692738066
Minsk,Podgorica,1412.746003260159
Minsk,Prague,992.0889538970124
Minsk,Riga,402.9258955942559
Minsk,Rome,1736.3801561460775
Minsk,Sarajevo,1299.4352690991334
Minsk,Skopje,1398.8157744113673
Minsk,Sofia,1283.9365298071234
Minsk,Stockholm,836.0907876883148
Minsk,Tallinn,638.8915379530188
Minsk,Tbilisi,1860.8734938204072
Minsk,Tirana,1511.5193252692748
Minsk,Valencia,2638.6582033240907
Minsk,Vienna,1003.9209740409715
Minsk,Vilnius,171.8310603896322
Minsk,Yerevan,1983.9842527466665
Minsk,Warsaw,475.03406802458267
Minsk,Zagreb,1220.557517066565
Minsk,Nicosia,2130.949657750001
Monaco,Moscow,2517.664989104731
Monaco,Munich,584.9242761170133
Monaco,Naples,647.6493047305149
Monaco,Oslo,1812.546800943684
Monaco,Paris,689.3989783000335
Monaco,Podgorica,971.201370432393
Monaco,Prague,882.558249494594
Monaco,Riga,1876.1346882075848
Monaco,Rome,461.1587805105457
Monaco,Sarajevo,881.3813724290898
Monaco,Skopje,1155.86183528732
Monaco,Sofia,1291.4017266924402
Monaco,Stockholm,1878.0913903252879
Monaco,Tallinn,2102.8119624809997
Monaco,Tbilisi,3037.4512896647566
Monaco,Tirana,1049.2219801925835
Monaco,Valencia,803.1418351281385
Monaco,Vienna,850.7659334148643
Monaco,Vilnius,1769.3816950724874
Monaco,Yerevan,3066.2809068528877
Monaco,Warsaw,1379.3990930919902
Monaco,Zagreb,713.3943217606865
Monaco,Nicosia,2409.301881911005
Moscow,Munich,1959.8111184020515
Moscow,Naples,2371.79392993688
Moscow,Oslo,1643.2150905793058
Moscow,Paris,2486.2482846615103
Moscow,Podgorica,1982.1154405017644
Moscow,Prague,1667.6506931449924
Moscow,Riga,841.5704666256215
Moscow,Rome,2375.329344618039
Moscow,Sarajevo,1898.4461403911516
Moscow,Skopje,1924.5120427982786
Moscow,Sofia,1777.4104665984623
Moscow,Stockholm,1227.064062623879
Moscow,Tallinn,866.963881458174
Moscow,Tbilisi,1646.208353501266
Moscow,Tirana,2058.8866284901956
Moscow,Valencia,3312.9530869840805
Moscow,Vienna,1669.6999566826207
Moscow,Vilnius,790.4063967230256
Moscow,Yerevan,1804.146843358581
Moscow,Warsaw,1150.6998077633018
Moscow,Zagreb,1867.2825597698363
Moscow,Nicosia,2311.595741226066
Munich,Naples,837.2778669952547
Munich,Oslo,1310.8373807622904
Munich,Paris,684.3912139318239
Munich,Podgorica,872.0336275014937
Munich,Prague,299.57709861782
Munich,Riga,1291.2899978296425
Munich,Rome,696.7025061964102
Munich,Sarajevo,710.0070202961939
Munich,Skopje,1029.6865536822427
Munich,Sofia,1095.9737364579405
Munich,Stockholm,1314.3386127767535
Munich,Tallinn,1519.8323632829595
Munich,Tbilisi,2689.7578336426045
Munich,Tirana,997.0199765136621
Munich,Valencia,1356.8966225871225
Munich,Vienna,355.37623213899593
Munich,Vilnius,1193.7638709890687
Munich,Yerevan,2747.4165487025757
Munich,Warsaw,810.2685926462747
Munich,Zagreb,421.7760230499698
Munich,Nicosia,2299.5751285841407
Naples,Oslo,2133.487495531009
Naples,Paris,1291.2176767206192
Naples,Podgorica,450.96987351341573
Naples,Prague,1025.7132723444304
Naples,Riga,1924.4466873674512
Naples,Rome,188.4343711022584
Naples,Sarajevo,476.97911459797984
Naples,Skopje,610.012883309123
Naples,Sofia,777.9035834817181
Naples,Stockholm,2071.593384943272
Naples,Tallinn,2191.3441929869136
Naples,Tbilisi,2541.812412590868
Naples,Tirana,468.1034579784735
Naples,Valencia,1252.423785766622
Naples,Vienna,834.7603735527224
Naples,Vilnius,1739.9852801311279
Naples,Yerevan,2545.1206704392052
Naples,Warsaw,1364.8230075039294
Naples,Zagreb,568.9842572074554
Naples,Nicosia,1783.6780553620154
Oslo,Paris,1341.9790363954176
Oslo,Podgorica,2027.5493778820094
Oslo,Prague,1118.5171759901123
Oslo,Riga,842.4142451367883
Oslo,Rome,2006.3018073069807
Oslo,Sarajevo,1858.3912009351711
Oslo,Skopje,2121.5749843999774
Oslo,Sofia,2096.0917487239126
Oslo,Stockholm,416.29852378382355
Oslo,Tallinn,786.3763731177786
Oslo,Tbilisi,3075.482938504964
Oslo,Tirana,2158.755793561355
Oslo,Valencia,2402.485171836447
Oslo,Vienna,1351.1409167222425
Oslo,Vilnius,1045.0325846639807
Oslo,Yerevan,3197.3767111778116
Oslo,Warsaw,1063.0957949129454
Oslo,Zagreb,1605.3238033213759
Oslo,Nicosia,3197.1508725943327
Paris,Podgorica,1490.9248202901522
Paris,Prague,882.8163086487457
Paris,Riga,1702.9393255945643
Paris,Rome,1105.2801487141144
Paris,Sarajevo,1348.7043932727017
Paris,Skopje,1666.074795541971
Paris,Sofia,1757.243618646469
Paris,Stockholm,1543.5466565977629
Paris,Tallinn,1858.527904647042
Paris,Tbilisi,3369.7065548570195
Paris,Tirana,1600.8508532827739
Paris,Valencia,1066.0107185420832
Paris,Vienna,1033.4922772841828
Paris,Vilnius,1695.8797151861684
Paris,Yerevan,3430.6323397212213
Paris,Warsaw,1366.5499309646889
Paris,Zagreb,1079.5768829622568
Paris,Nicosia,2949.514223991131
Podgorica,Prague,925.9302204009691
Podgorica,Riga,1649.420919639334
Podgorica,Rome,560.6628837052904
Podgorica,Sarajevo,171.80307690206277
Podgorica,Skopje,184.77226743125837
Podgorica,Sofia,333.60054702187995
Podgorica,Stockholm,1879.685283091659
Podgorica,Tallinn,1927.0435808017871
Podgorica,Tbilisi,2103.4567367733566
Podgorica,Tirana,132.0990228769822
Podgorica,Valencia,1677.9667296567277
Podgorica,Vienna,679.7599975943754
Podgorica,Vilnius,1430.5884626885936
Podgorica,Yerevan,2116.0845697030345
Podgorica,Warsaw,1096.3211922404007
Podgorica,Zagreb,457.423922142816
Podgorica,Nicosia,1462.0396631783178
Prague,Riga,994.5132947301755
Prague,Rome,920.9691018691636
Prague,Sarajevo,754.1972254814461
Prague,Skopje,1046.6174483122913
Prague,Sofia,1064.938305918919
Prague,Stockholm,1054.6903056513183
Prague,Tallinn,1230.4837986335292
Prague,Tbilisi,2507.3049252637147
Prague,Tirana,1057.999507067618
Prague,Valencia,1654.9803487608826
Prague,Vienna,250.8685635345942
Prague,Vilnius,895.3759414520637
Prague,Yerevan,2580.1605153223777
Prague,Warsaw,517.0691353271071
Prague,Zagreb,487.47647162892974
Prague,Nicosia,2255.2511745893844
Riga,Rome,1866.0589750633676
Riga,Sarajevo,1509.4740729021114
Riga,Skopje,1673.4410488231274
Riga,Sofia,1585.7080087790323
Riga,Stockholm,441.94651565798887
Riga,Tallinn,279.1808651980175
Riga,Tbilisi,2245.5942339550393
Riga,Tirana,1763.995859798235
Riga,Valencia,2630.399418897704
Riga,Vienna,1101.9008594404088
Riga,Vilnius,262.0387485985891
Riga,Yerevan,2374.8898916754024
Riga,Warsaw,561.2449344058256
Riga,Zagreb,1358.1942957137555
Riga,Nicosia,2519.3861780399957
Rome,Sarajevo,528.6141778082283
Rome,Skopje,738.154121531663
Rome,Sofia,894.0745372978434
Rome,Stockholm,1975.54629941135
Rome,Tallinn,2124.5768340863815
Rome,Tbilisi,2663.643485468922
Rome,Tirana,611.8944215771669
Rome,Valencia,1117.406347579574
Rome,Vienna,764.1671614916594
Rome,Vilnius,1701.5559813806055
Rome,Yerevan,2676.442040999747
Rome,Warsaw,1314.9735506697218
Rome,Zagreb,516.9232338657151
Rome,Nicosia,1956.8686772524109
Sarajevo,Skopje,320.6545014040904
Sarajevo,Sofia,417.67626183873324
Sarajevo,Stockholm,1720.67787092887
Sarajevo,Tallinn,1784.9203435313614
Sarajevo,Tbilisi,2159.357027758751
Sarajevo,Tirana,303.8143810378804
Sarajevo,Valencia,1631.0718477850965
Sarajevo,Vienna,508.82238971692027
Sarajevo,Vilnius,1301.8120517997186
Sarajevo,Yerevan,2185.0481815981734
Sarajevo,Warsaw,950.7506980995997
Sarajevo,Zagreb,290.11984169553676
Sarajevo,Nicosia,1601.2808009932496
Skopje,Sofia,174.18521526859308
Skopje,Stockholm,1941.0036304157447
Skopje,Tallinn,1952.621173933912
Skopje,Tbilisi,1932.3274179600203
Skopje,Tirana,152.86815588890028
Skopje,Valencia,1853.1703177419802
Skopje,Vienna,795.8365331289427
Skopje,Vilnius,1438.8728270937836
Skopje,Yerevan,1939.563734961229
Skopje,Warsaw,1138.126485707399
Skopje,Zagreb,608.256218663337
Skopje,Nicosia,1283.662939262214
Sofia,Stockholm,1884.084361133655
Sofia,Tallinn,1863.9041348435221
Sofia,Tbilisi,1769.858870495955
Sofia,Tirana,327.025572345836
Sofia,Valencia,2011.4668528677946
Sofia,Vienna,817.3559667139058
Sofia,Vilnius,1340.7559128305043
Sofia,Yerevan,1783.7243938379575
Sofia,Warsaw,1073.8884552956013
Sofia,Zagreb,679.1988200332246
Sofia,Nicosia,1204.4831124384198
Stockholm,Tallinn,378.60786122131515
Stockholm,Tbilisi,2687.504947502471
Stockholm,Tirana,2005.3899568839806
Stockholm,Valencia,2560.8208535872627
Stockholm,Vienna,1241.5122400019272
Stockholm,Vilnius,675.3140694813751
Stockholm,Yerevan,2816.055888399855
Stockholm,Warsaw,810.4122988539989
Stockholm,Zagreb,1509.1357010412905
Stockholm,Nicosia,2907.5440402672275
Tallinn,Tbilisi,2406.802116556537
Tallinn,Tirana,2042.4952331219274
Tallinn,Valencia,2833.256296102049
Tallinn,Vienna,1361.8837209228711
Tallinn,Vilnius,529.1061442199211
Tallinn,Yerevan,2546.456189072345
Tallinn,Warsaw,834.4456454879462
Tallinn,Zagreb,1623.0335881833635
Tallinn,Nicosia,2769.838301492956
Tbilisi,Tirana,2075.101120410299
Tbilisi,Valencia,3780.976530751722
Tbilisi,Vienna,2336.6131578100994
Tbilisi,Vilnius,2031.1027832734092
Tbilisi,Yerevan,172.5495602861263
Tbilisi,Warsaw,2136.8194327324186
Tbilisi,Zagreb,2347.347775622336
Tbilisi,Nicosia,1233.4146236909392
Tirana,Valencia,1718.6229778014256
Tirana,Vienna,811.7773831340164
Tirana,Vilnius,1538.9089492166697
Tirana,Yerevan,2077.0172483059246
Tirana,Warsaw,1215.624916914108
Tirana,Zagreb,586.8086308126093
Tirana,Nicosia,1364.2854012377466
Valencia,Vienna,1652.123261162383
Valencia,Vilnius,2550.312242892599
Valencia,Yerevan,3792.7172806621224
Valencia,Warsaw,2166.4047860906885
Valencia,Zagreb,1508.6339424006535
Valencia,Nicosia,3003.807171965608
Vienna,Vilnius,947.1733063108732
Vienna,Yerevan,2397.6382787380444
Vienna,Warsaw,555.5165163543581
Vienna,Zagreb,267.7643295085586
Vienna,Nicosia,2013.9520743569428
Vilnius,Yerevan,2152.4433867837765
Vilnius,Warsaw,392.93087122289603
Vilnius,Zagreb,1185.3531087967908
Vilnius,Nicosia,2257.8059424366083
Yerevan,Warsaw,2233.929278602535
Yerevan,Zagreb,2389.317184135414
Yerevan,Nicosia,1127.0191460399894
Warsaw,Zagreb,801.6002181379941
Warsaw,Nicosia,2134.071199106515
Zagreb,Nicosia,1879.9638176411574
